date,time,name,vodka,gin,rum,blue curacao,ananas juice,cherry juice,orange juice,bitter lemon,tonic water,herbal lemonade,bitter orange sirup,soda,recipe,
14.12.2023,15:16:31.977,random cocktail,0,0,0,0,2,4,0,0,2,4,"0,5",4,"2.0 cl ananas juice, 4.0 cl cherry juice, 2.0 cl tonic water, 4.0 cl herbal lemonade, 0.50 cl bitter orange sirup, 4.0 cl soda",
14.12.2023,15:18:58.653,random cocktail,0,0,0,0,0,5,0,0,0,0,0,5,"5.0 cl cherry juice, 5.0 cl soda",
14.12.2023,15:35:16.410,Tropical Twirl,0,0,3,0,4,3,2,0,0,0,0,0,"3.0 cl rum, 4.0 cl ananas juice, 3.0 cl cherry juice, 2.0 cl orange juice",
14.12.2023,15:50:17.946,Tropical Dream,0,0,3,0,4,3,2,0,0,0,0,0,"3.0 cl rum, 4.0 cl ananas juice, 3.0 cl cherry juice, 2.0 cl orange juice",
14.12.2023,16:07:33.103,Citrus Bliss,0,"2,5",0,0,0,0,4,3,0,0,0,2,"2.5 cl gin, 4.0 cl orange juice, 3.0 cl bitter lemon, 2.0 cl soda",
14.12.2023,17:55:26.122,Tropical Sunset,0,0,3,0,4,3,2,0,0,0,0,0,"3.0 cl rum, 4.0 cl ananas juice, 3.0 cl cherry juice, 2.0 cl orange juice",
14.12.2023,20:08:32.078,Tropical Sunset,0,0,3,0,4,2,3,0,0,0,0,0,"3.0 cl rum, 4.0 cl ananas juice, 2.0 cl cherry juice, 3.0 cl orange juice",
14.12.2023,20:12:03.113,random cocktail,0,0,0,0,4,0,2,0,4,2,"0,5",2,"4.0 cl ananas juice, 2.0 cl orange juice, 4.0 cl tonic water, 2.0 cl herbal lemonade, 0.50 cl bitter orange sirup, 2.0 cl soda",
14.12.2023,20:23:26.453,Tropical Sunset,0,0,3,0,3,2,4,0,0,0,0,0,"3.0 cl rum, 3.0 cl ananas juice, 2.0 cl cherry juice, 4.0 cl orange juice",
14.12.2023,20:41:07.793,random cocktail,0,0,0,0,0,0,4,0,0,0,0,6,"4.0 cl orange juice, 6.0 cl soda",
14.12.2023,20:41:40.936,random cocktail,0,0,0,0,0,0,0,4,4,2,0,3,"4.0 cl bitter lemon, 4.0 cl tonic water, 2.0 cl herbal lemonade, 3.0 cl soda",
14.12.2023,20:42:01.076,random cocktail,0,0,0,0,0,0,0,0,0,4,0,6,"4.0 cl herbal lemonade, 6.0 cl soda",
14.12.2023,20:42:05.280,Caribbean Breeze,4,0,0,0,5,0,0,0,0,0,3,2,"4.0 cl vodka, 5.0 cl ananas juice, 3.0 cl bitter orange sirup, 2.0 cl soda",
14.12.2023,20:42:34.851,Citrus Burst,0,3,0,0,0,0,4,0,3,2,0,0,"3.0 cl gin, 4.0 cl orange juice, 3.0 cl tonic water, 2.0 cl herbal lemonade",
14.12.2023,20:42:36.453,Ocean Blue,0,0,0,"2,5",0,0,0,0,5,3,0,0,"2.5 cl blue curacao, 5.0 cl tonic water, 3.0 cl herbal lemonade",
14.12.2023,20:42:54.024,random cocktail,0,0,0,0,0,0,"2,5",0,"2,5",0,0,5,"2.5 cl orange juice, 2.5 cl tonic water, 5.0 cl soda",
14.12.2023,20:43:24.252,Sunny Breeze,4,0,0,0,0,0,3,2,0,0,0,0,"4.0 cl vodka, 3.0 cl orange juice, 2.0 cl bitter lemon",
14.12.2023,20:49:38.525,Tropical Breeze,0,0,3,0,4,0,3,0,0,0,0,0,"3.0 cl rum, 4.0 cl ananas juice, 3.0 cl orange juice",
14.12.2023,20:50:06.311,random cocktail,0,0,0,0,0,0,0,4,0,0,0,6,"4.0 cl bitter lemon, 6.0 cl soda",
14.12.2023,20:50:49.903,Sunset Bliss,0,4,0,0,0,5,3,0,0,0,0,2,"4.0 cl gin, 5.0 cl cherry juice, 3.0 cl orange juice, 2.0 cl soda",
14.12.2023,20:54:36.230,Lemon Breeze,0,3,0,0,0,0,0,4,0,5,0,3,"3.0 cl gin, 4.0 cl bitter lemon, 5.0 cl herbal lemonade, 3.0 cl soda",
14.12.2023,20:55:17.406,Tropical Sunset,0,0,4,0,6,2,3,0,0,0,0,0,"4.0 cl rum, 6.0 cl ananas juice, 2.0 cl cherry juice, 3.0 cl orange juice",
14.12.2023,20:56:39.381,Caribbean Breeze,0,0,3,0,5,0,3,0,0,0,0,0,"3.0 cl rum, 5.0 cl ananas juice, 3.0 cl orange juice",
14.12.2023,20:57:19.009,Ocean Dream,0,0,0,4,0,4,0,0,0,0,0,3,"4.0 cl blue curacao, 4.0 cl cherry juice, 3.0 cl soda",
14.12.2023,20:58:41.920,Tropical Sunset,"2,5",0,0,0,0,0,4,0,3,2,0,0,"2.5 cl vodka, 4.0 cl orange juice, 3.0 cl tonic water, 2.0 cl herbal lemonade",
14.12.2023,21:10:23.623,Cherry Blossom,0,3,0,0,0,5,0,4,0,0,0,0,"3.0 cl gin, 5.0 cl cherry juice, 4.0 cl bitter lemon",
14.12.2023,21:10:52.400,Lemon Lime Delight,4,0,0,0,0,0,0,3,0,6,0,0,"4.0 cl vodka, 3.0 cl bitter lemon, 6.0 cl herbal lemonade",
14.12.2023,21:11:26.962,Raspberry Twist,0,0,"3,5",0,0,5,0,0,0,0,0,4,"3.5 cl rum, 5.0 cl cherry juice, 4.0 cl soda",
14.12.2023,21:12:00.944,random cocktail,0,5,0,0,"2,5","2,5",0,0,0,0,0,0,"5.0 cl gin, 2.5 cl ananas juice, 2.5 cl cherry juice",
14.12.2023,21:12:42.808,random cocktail,0,0,"3,3333333333333335",0,0,"3,3333333333333335",0,0,0,0,0,"3,3333333333333335","3.3 cl rum, 3.3 cl cherry juice, 3.3 cl soda",
14.12.2023,21:13:07.234,random cocktail,0,"3,3333333333333335",0,0,0,"4,444444444444445",0,0,0,0,0,"2,2222222222222223","3.3 cl gin, 4.4 cl cherry juice, 2.2 cl soda",
14.12.2023,21:13:36.927,random cocktail,0,0,0,4,4,2,4,0,2,0,"0,5",0,"4.0 cl blue curacao, 4.0 cl ananas juice, 2.0 cl cherry juice, 4.0 cl orange juice, 2.0 cl tonic water, 0.50 cl bitter orange sirup",
14.12.2023,21:14:21.153,random cocktail,4,0,0,0,4,4,0,0,2,0,0,0,"4.0 cl vodka, 4.0 cl ananas juice, 4.0 cl cherry juice, 2.0 cl tonic water",
14.12.2023,21:15:01.210,random cocktail,0,"3,3333333333333335",0,0,"3,3333333333333335","3,3333333333333335",0,0,0,0,0,0,"3.3 cl gin, 3.3 cl ananas juice, 3.3 cl cherry juice",
14.12.2023,21:15:42.225,random cocktail,0,0,0,"3,3333333333333335",0,0,0,"4,444444444444445",0,"2,2222222222222223",0,0,"3.3 cl blue curacao, 4.4 cl bitter lemon, 2.2 cl herbal lemonade",
14.12.2023,21:16:08.382,random cocktail,0,0,0,0,0,"2,3529411764705883","2,3529411764705883",0,0,0,"0,5882352941176471","4,705882352941177","2.4 cl cherry juice, 2.4 cl orange juice, 0.59 cl bitter orange sirup, 4.7 cl soda",
14.12.2023,21:17:20.373,random cocktail,6,0,0,0,0,0,4,0,0,0,0,0,"6.0 cl vodka, 4.0 cl orange juice",
14.12.2023,21:18:09.581,random cocktail,0,4,0,0,0,0,0,4,0,0,0,4,"4.0 cl gin, 4.0 cl bitter lemon, 4.0 cl soda",
14.12.2023,21:18:38.407,Tropical Breeze,0,0,4,0,0,0,3,0,0,0,0,0,"4.0 cl rum, 3.0 cl orange juice",
14.12.2023,21:19:12.569,Caribbean Sunset,0,0,4,3,0,6,0,0,0,0,0,2,"4.0 cl rum, 3.0 cl blue curacao, 6.0 cl cherry juice, 2.0 cl soda",
14.12.2023,21:27:32.551,Tropical Sunrise,0,0,3,0,4,2,3,0,0,0,0,0,"3.0 cl rum, 4.0 cl ananas juice, 2.0 cl cherry juice, 3.0 cl orange juice",
14.12.2023,21:28:07.336,Ocean Breeze,"2,5",0,0,5,0,0,0,3,0,0,0,0,"2.5 cl vodka, 5.0 cl blue curacao, 3.0 cl bitter lemon",
14.12.2023,21:28:49.124,Midsummer Gin Fizz,0,4,0,0,0,0,2,0,0,3,0,4,"4.0 cl gin, 2.0 cl orange juice, 3.0 cl herbal lemonade, 4.0 cl soda",
14.12.2023,21:32:46.428,Caribbean Sunset,0,0,"3,5",0,4,0,3,0,0,0,"2,5",0,"3.5 cl rum, 4.0 cl ananas juice, 3.0 cl orange juice, 2.5 cl bitter orange sirup",
14.12.2023,21:44:29.065,random cocktail,0,0,0,0,0,0,0,0,0,4,0,6,"4.0 cl herbal lemonade, 6.0 cl soda",
14.12.2023,21:47:08.074,random cocktail,0,0,0,0,5,0,0,0,0,0,0,5,"5.0 cl ananas juice, 5.0 cl soda",
14.12.2023,21:48:36.308,Mystical Mermaid,0,0,0,3,0,3,0,0,4,0,0,2,"3.0 cl blue curacao, 3.0 cl cherry juice, 4.0 cl tonic water, 2.0 cl soda",
14.12.2023,21:50:12.034,random cocktail,0,0,0,0,0,4,0,0,2,0,"0,5",4,"4.0 cl cherry juice, 2.0 cl tonic water, 0.50 cl bitter orange sirup, 4.0 cl soda",
14.12.2023,21:57:56.804,Mango Tango,4,0,0,0,0,0,3,0,0,0,0,0,"4.0 cl vodka, 3.0 cl orange juice",
14.12.2023,22:16:26.828,Sun-kissed Breeze,0,0,"3,5",0,4,0,3,"2,5",0,0,0,0,"3.5 cl rum, 4.0 cl ananas juice, 3.0 cl orange juice, 2.5 cl bitter lemon",
14.12.2023,22:19:25.202,random cocktail,0,0,0,0,4,2,4,0,4,4,0,2,"4.0 cl ananas juice, 2.0 cl cherry juice, 4.0 cl orange juice, 4.0 cl tonic water, 4.0 cl herbal lemonade, 2.0 cl soda",
14.12.2023,22:20:08.918,Emerald Isle,0,3,0,0,0,0,0,0,4,3,2,0,"3.0 cl gin, 4.0 cl tonic water, 3.0 cl herbal lemonade, 2.0 cl bitter orange sirup",
14.12.2023,22:38:03.132,Ruby Red,"3,5",0,0,0,0,4,3,0,0,0,0,2,"3.5 cl vodka, 4.0 cl cherry juice, 3.0 cl orange juice, 2.0 cl soda",
14.12.2023,22:46:51.414,Sapphire Sky,0,3,0,4,0,0,0,0,3,0,0,0,"3.0 cl gin, 4.0 cl blue curacao, 3.0 cl tonic water",
14.12.2023,22:48:07.651,Lemon-Lime Paradise,"3,5",0,0,0,0,0,0,3,0,4,0,"2,5","3.5 cl vodka, 3.0 cl bitter lemon, 4.0 cl herbal lemonade, 2.5 cl soda",
14.12.2023,23:12:47.993,Island Breeze,0,0,3,0,4,0,3,0,2,0,0,0,"3.0 cl rum, 4.0 cl ananas juice, 3.0 cl orange juice, 2.0 cl tonic water",
14.12.2023,23:22:25.081,Ocean Sunset,0,0,0,"3,5",4,0,3,0,0,0,0,2,"3.5 cl blue curacao, 4.0 cl ananas juice, 3.0 cl orange juice, 2.0 cl soda",
14.12.2023,23:28:28.839,Golden Blush,0,0,3,0,0,0,4,0,0,"2,5",0,0,"3.0 cl rum, 4.0 cl orange juice, 2.5 cl herbal lemonade",
14.12.2023,23:35:38.662,Minty Melody,0,"3,5",0,0,0,0,0,0,4,3,0,2,"3.5 cl gin, 4.0 cl tonic water, 3.0 cl herbal lemonade, 2.0 cl soda",
14.12.2023,23:44:19.208,Sunset Bliss,0,0,0,3,4,2,3,0,0,0,0,0,"3.0 cl blue curacao, 4.0 cl ananas juice, 2.0 cl cherry juice, 3.0 cl orange juice",
14.12.2023,23:48:52.806,Tropical Twist,0,0,"3,5",0,4,"2,5",3,0,0,0,0,0,"3.5 cl rum, 4.0 cl ananas juice, 2.5 cl cherry juice, 3.0 cl orange juice",
14.12.2023,24:09:21.286,Sun-Kissed Serenity,0,3,0,0,0,2,3,0,4,0,0,0,"3.0 cl gin, 2.0 cl cherry juice, 3.0 cl orange juice, 4.0 cl tonic water",
14.12.2023,24:13:46.549,Purple Rain,"3,5",0,0,4,0,0,0,0,0,0,0,0,"3.5 cl vodka, 4.0 cl blue curacao",
15.12.2023,20:25:53.952,Tropical Breeze,0,0,3,0,0,2,3,0,0,0,0,0,"3.0 cl rum, 2.0 cl cherry juice, 3.0 cl orange juice",
15.12.2023,20:35:43.410,Caribbean Sunset,0,0,0,4,0,2,5,0,0,0,0,0,"4.0 cl blue curacao, 2.0 cl cherry juice, 5.0 cl orange juice",
15.12.2023,21:01:12.700,Gin Garden Glimmer,0,3,0,0,0,0,0,0,4,3,2,0,"3.0 cl gin, 4.0 cl tonic water, 3.0 cl herbal lemonade, 2.0 cl bitter orange sirup",
15.12.2023,21:04:00.717,Vodka Zest,4,0,0,0,0,0,0,5,0,0,0,3,"4.0 cl vodka, 5.0 cl bitter lemon, 3.0 cl soda",
15.12.2023,21:06:25.580,Blue Lagoon Bliss,0,0,0,3,0,0,0,0,0,2,0,3,"3.0 cl blue curacao, 2.0 cl herbal lemonade, 3.0 cl soda",
15.12.2023,21:25:12.731,Rum Berry Fizz,0,0,2,0,0,6,0,0,0,0,0,4,"2.0 cl rum, 6.0 cl cherry juice, 4.0 cl soda",
15.12.2023,21:33:36.648,Citrus Sensation,0,4,0,0,0,0,5,2,3,0,0,0,"4.0 cl gin, 5.0 cl orange juice, 2.0 cl bitter lemon, 3.0 cl tonic water",
15.12.2023,21:34:23.071,Island Breeze,0,0,3,0,2,0,3,0,0,0,0,0,"3.0 cl rum, 2.0 cl ananas juice, 3.0 cl orange juice",
15.12.2023,21:39:39.226,Sunset Serenade,4,0,0,0,0,4,3,0,0,0,0,2,"4.0 cl vodka, 4.0 cl cherry juice, 3.0 cl orange juice, 2.0 cl soda",
15.12.2023,21:41:11.566,Ocean Blue,0,0,0,3,0,0,0,4,3,0,0,0,"3.0 cl blue curacao, 4.0 cl bitter lemon, 3.0 cl tonic water",
15.12.2023,21:42:48.197,Mango Tango,0,0,2,0,0,0,0,0,0,0,0,4,"2.0 cl rum, 4.0 cl soda",
15.12.2023,21:45:03.588,Velvet Sky,4,0,0,5,0,0,0,0,0,3,0,2,"4.0 cl vodka, 5.0 cl blue curacao, 3.0 cl herbal lemonade, 2.0 cl soda",
15.12.2023,21:47:25.334,Spiced Citrus,0,0,3,0,0,0,4,0,0,3,2,0,"3.0 cl rum, 4.0 cl orange juice, 3.0 cl herbal lemonade, 2.0 cl bitter orange sirup",
15.12.2023,21:50:36.057,Gin Blossom,0,4,0,0,0,0,5,2,0,3,0,0,"4.0 cl gin, 5.0 cl orange juice, 2.0 cl bitter lemon, 3.0 cl herbal lemonade",
15.12.2023,21:51:41.045,random cocktail,0,"3,3333333333333335",0,0,0,0,0,"2,2222222222222223",0,"4,444444444444445",0,0,---,
15.12.2023,21:55:18.141,Electric Ocean,0,0,0,3,0,0,0,3,4,0,0,2,"3.0 cl blue curacao, 3.0 cl bitter lemon, 4.0 cl tonic water, 2.0 cl soda",
15.12.2023,21:58:05.010,Caribbean Crush,0,0,4,0,0,2,3,0,0,0,0,0,"4.0 cl rum, 2.0 cl cherry juice, 3.0 cl orange juice",
15.12.2023,22:01:27.131,Euphoric Island,3,0,0,0,2,0,4,0,0,0,0,0,"3.0 cl vodka, 2.0 cl ananas juice, 4.0 cl orange juice",
15.12.2023,22:05:46.521,Sunshine Spritz,0,0,0,4,0,0,5,0,0,3,0,2,"4.0 cl blue curacao, 5.0 cl orange juice, 3.0 cl herbal lemonade, 2.0 cl soda",
15.12.2023,22:08:33.086,Caribbean Dream,0,0,3,0,0,0,2,0,0,0,0,0,"3.0 cl rum, 2.0 cl orange juice",
15.12.2023,22:10:24.626,Enchanted Oasis,4,0,0,5,0,0,0,0,0,3,0,2,"4.0 cl vodka, 5.0 cl blue curacao, 3.0 cl herbal lemonade, 2.0 cl soda",
15.12.2023,22:14:55.679,Moonlit Shores,0,0,3,0,2,0,0,0,0,0,0,0,"3.0 cl rum, 2.0 cl ananas juice",
15.12.2023,22:15:48.167,Icy Tides,0,0,0,4,0,0,0,5,3,0,0,2,"4.0 cl blue curacao, 5.0 cl bitter lemon, 3.0 cl tonic water, 2.0 cl soda",
15.12.2023,22:22:11.214,random cocktail,"3,3333333333333335",0,0,0,0,"3,3333333333333335",0,0,0,0,0,"3,3333333333333335",---,
15.12.2023,22:23:15.395,Sapphire Sunrise,0,0,0,3,0,0,0,3,0,0,0,2,"3.0 cl blue curacao, 3.0 cl bitter lemon, 2.0 cl soda",
15.12.2023,22:23:45.607,Sunny Island,0,0,4,0,0,2,5,0,0,0,0,0,"4.0 cl rum, 2.0 cl cherry juice, 5.0 cl orange juice",
15.12.2023,22:27:19.706,Lemon Lime Breeze,0,3,0,0,0,0,0,3,4,2,0,0,"3.0 cl gin, 3.0 cl bitter lemon, 4.0 cl tonic water, 2.0 cl herbal lemonade",
15.12.2023,22:32:23.721,random cocktail,4,0,0,0,2,2,0,4,2,0,"0,5",0,---,
15.12.2023,22:33:43.373,Winter Citrus,4,0,0,0,0,0,5,0,0,3,0,0,"4.0 cl vodka, 5.0 cl orange juice, 3.0 cl herbal lemonade",
15.12.2023,22:36:04.814,Caribbean Crush,0,0,3,0,0,2,3,0,0,0,0,0,"3.0 cl rum, 2.0 cl cherry juice, 3.0 cl orange juice",
15.12.2023,22:48:07.680,Exotic Breeze,0,0,0,4,2,0,3,0,0,0,0,0,"4.0 cl blue curacao, 2.0 cl ananas juice, 3.0 cl orange juice",
15.12.2023,22:52:21.157,Ocean Sunset,0,0,3,0,0,3,0,0,0,0,0,2,"3.0 cl rum, 3.0 cl cherry juice, 2.0 cl soda",
15.12.2023,23:01:23.681,random cocktail,0,4,0,0,4,0,0,0,0,4,0,0,---,
15.12.2023,23:14:00.962,Island Paradise,0,0,4,0,2,0,3,0,0,0,0,0,"4.0 cl rum, 2.0 cl ananas juice, 3.0 cl orange juice",
15.12.2023,23:14:41.938,Tropical Sparkle,0,0,0,3,0,0,0,4,3,0,0,2,"3.0 cl blue curacao, 4.0 cl bitter lemon, 3.0 cl tonic water, 2.0 cl soda",
15.12.2023,23:15:30.265,random cocktail,0,0,2,0,0,2,2,4,2,0,"0,5",0,---,
15.12.2023,23:16:22.087,Iced Citrus Dream,4,0,0,5,0,0,0,0,0,3,0,2,"4.0 cl vodka, 5.0 cl blue curacao, 3.0 cl herbal lemonade, 2.0 cl soda",
15.12.2023,23:20:30.403,Tropical Paradise,0,0,3,0,0,2,3,0,0,0,0,0,"3.0 cl rum, 2.0 cl cherry juice, 3.0 cl orange juice",
15.12.2023,23:24:38.738,Sunset Serenade,0,0,0,4,0,0,0,0,0,3,0,2,"4.0 cl blue curacao, 3.0 cl herbal lemonade, 2.0 cl soda",
15.12.2023,23:25:38.052,Caribbean Crush,0,0,3,0,0,2,3,0,0,0,0,0,"3.0 cl rum, 2.0 cl cherry juice, 3.0 cl orange juice",
15.12.2023,23:29:37.305,random cocktail,0,4,0,0,0,0,0,"5,333333333333333",0,0,"0,6666666666666666",0,---,
15.12.2023,23:34:24.320,Island Freeze,0,0,0,4,0,0,0,0,0,2,0,3,"4.0 cl blue curacao, 2.0 cl herbal lemonade, 3.0 cl soda",
15.12.2023,23:39:46.252,Tropical Tingle,0,0,3,0,0,0,0,3,0,0,0,2,"3.0 cl rum, 3.0 cl bitter lemon, 2.0 cl soda",
15.12.2023,23:41:14.897,random cocktail,0,"3,3333333333333335",0,0,0,0,"6,666666666666667",0,0,0,0,0,---,
15.12.2023,23:42:47.293,Caribbean Blue,0,0,0,4,0,3,0,0,0,0,0,2,"4.0 cl blue curacao, 3.0 cl cherry juice, 2.0 cl soda",
15.12.2023,23:56:13.907,Sapphire Shores,0,0,0,3,0,0,0,0,4,0,0,3,"3.0 cl blue curacao, 4.0 cl tonic water, 3.0 cl soda",
15.12.2023,23:59:57.757,random cocktail,0,"6,666666666666667",0,0,0,"3,3333333333333335",0,0,0,0,0,0,---,
15.12.2023,23:59:57.833,Tropical Bliss,4,0,0,0,0,2,3,0,0,0,0,0,"4.0 cl vodka, 2.0 cl cherry juice, 3.0 cl orange juice",
15.12.2023,24:07:12.020,random cocktail,2,0,0,0,2,0,4,4,4,0,"0,5",0,---,
15.12.2023,24:17:16.511,random cocktail,0,0,0,3,0,2,0,4,4,2,0,0,---,
15.12.2023,24:22:52.146,random cocktail,0,0,6,0,0,0,0,0,0,4,0,0,---,
15.12.2023,24:25:00.170,random cocktail,0,0,"3,3333333333333335",0,0,"2,2222222222222223",0,"4,444444444444445",0,0,0,0,---,
15.12.2023,24:35:13.282,random cocktail,0,"3,3333333333333335",0,0,0,0,0,0,0,0,0,"6,666666666666667",---,
15.12.2023,24:37:20.975,random cocktail,0,"3,3333333333333335",0,0,0,0,0,0,"3,3333333333333335",0,0,"3,3333333333333335",---,
15.12.2023,24:38:44.543,random cocktail,0,0,0,"2,5",0,0,0,5,"2,5",0,0,0,---,
15.12.2023,24:40:04.198,Tropical Bliss,0,0,3,0,4,2,3,0,0,0,0,0,"3.0 cl rum, 4.0 cl ananas juice, 2.0 cl cherry juice, 3.0 cl orange juice",
15.12.2023,24:47:02.777,Blue Lagoon,4,0,0,3,0,0,0,0,0,0,0,0,"4.0 cl vodka, 3.0 cl blue curacao",
15.12.2023,24:51:37.272,Sunshine Spritz,0,3,0,0,0,0,4,0,0,0,0,2,"3.0 cl gin, 4.0 cl orange juice, 2.0 cl soda",
15.12.2023,24:56:40.646,Caribbean Breeze,0,0,2,0,5,4,0,3,0,0,0,0,"2.0 cl rum, 5.0 cl ananas juice, 4.0 cl cherry juice, 3.0 cl bitter lemon",
16.12.2023,01:21:45.311,Minty Beach,0,0,3,0,0,0,2,0,4,4,0,0,"3.0 cl rum, 2.0 cl orange juice, 4.0 cl tonic water, 4.0 cl herbal lemonade",
16.12.2023,01:27:03.157,random cocktail,0,"6,666666666666667",0,0,0,0,"3,3333333333333335",0,0,0,0,0,"6.7 cl gin, 3.3 cl orange juice",
16.12.2023,01:27:58.986,random cocktail,0,0,0,0,4,2,0,4,0,4,"0,5",2,"4.0 cl ananas juice, 2.0 cl cherry juice, 4.0 cl bitter lemon, 4.0 cl herbal lemonade, 0.50 cl bitter orange sirup, 2.0 cl soda",
16.12.2023,18:09:30.320,random cocktail,2,0,0,0,2,0,0,0,4,2,"0,5",2,"2.0 cl vodka, 2.0 cl ananas juice, 4.0 cl tonic water, 2.0 cl herbal lemonade, 0.50 cl bitter orange sirup, 2.0 cl soda",
16.12.2023,18:16:44.822,random cocktail,3,0,0,0,2,2,0,4,4,2,0,0,"3.0 cl vodka, 2.0 cl ananas juice, 2.0 cl cherry juice, 4.0 cl bitter lemon, 4.0 cl tonic water, 2.0 cl herbal lemonade",
16.12.2023,18:18:27.677,random cocktail,0,0,0,3,0,0,4,2,2,4,0,0,"3.0 cl blue curacao, 4.0 cl orange juice, 2.0 cl bitter lemon, 2.0 cl tonic water, 4.0 cl herbal lemonade",
16.12.2023,18:26:34.050,random cocktail,0,0,0,"4,705882352941177",0,0,"4,705882352941177",0,0,0,"0,5882352941176471",0,"4.7 cl blue curacao, 4.7 cl orange juice, 0.59 cl bitter orange sirup",
16.12.2023,18:27:58.114,random cocktail,3,0,0,0,0,2,4,4,4,0,"0,5",0,"3.0 cl vodka, 2.0 cl cherry juice, 4.0 cl orange juice, 4.0 cl bitter lemon, 4.0 cl tonic water, 0.50 cl bitter orange sirup",
16.12.2023,18:35:52.671,Caribbean Breeze,0,0,4,0,4,3,2,0,0,0,0,0,"4.0 cl rum, 4.0 cl ananas juice, 3.0 cl cherry juice, 2.0 cl orange juice",
16.12.2023,18:55:05.473,Electric Ocean,0,0,0,3,4,0,3,0,2,0,0,0,"3.0 cl blue curacao, 4.0 cl ananas juice, 3.0 cl orange juice, 2.0 cl tonic water",
16.12.2023,18:58:31.870,Tropical Breeze,0,0,"2,5",0,5,3,4,0,0,0,0,0,"2.5 cl rum, 5.0 cl ananas juice, 3.0 cl cherry juice, 4.0 cl orange juice",
16.12.2023,19:00:43.493,Midnight Sparkle,4,0,0,3,0,0,0,2,3,0,0,0,"4.0 cl vodka, 3.0 cl blue curacao, 2.0 cl bitter lemon, 3.0 cl tonic water",
16.12.2023,19:04:11.715,Sunset Bliss,0,"3,5",0,0,3,0,4,0,0,0,2,0,"3.5 cl gin, 3.0 cl ananas juice, 4.0 cl orange juice, 2.0 cl bitter orange sirup",
16.12.2023,19:36:33.889,Ocean Dream,0,4,0,0,5,0,0,3,0,0,0,0,"4.0 cl gin, 5.0 cl ananas juice, 3.0 cl bitter lemon",
16.12.2023,19:41:08.910,Neon Breeze,0,0,0,3,4,0,3,0,0,0,0,2,"3.0 cl blue curacao, 4.0 cl ananas juice, 3.0 cl orange juice, 2.0 cl soda",
16.12.2023,19:54:41.207,Emerald Isle,"3,5",0,0,0,0,0,0,2,0,5,0,0,"3.5 cl vodka, 2.0 cl bitter lemon, 5.0 cl herbal lemonade",
16.12.2023,20:04:31.641,Caribbean Sunset,0,0,4,0,4,3,0,0,0,0,2,0,"4.0 cl rum, 4.0 cl ananas juice, 3.0 cl cherry juice, 2.0 cl bitter orange sirup",
16.12.2023,20:06:29.540,random cocktail,0,0,0,0,4,4,0,4,0,0,0,3,"4.0 cl ananas juice, 4.0 cl cherry juice, 4.0 cl bitter lemon, 3.0 cl soda",
16.12.2023,20:12:15.524,Purple Rain,0,0,0,"3,5",0,5,0,0,"2,5",0,0,0,"3.5 cl blue curacao, 5.0 cl cherry juice, 2.5 cl tonic water",
16.12.2023,20:14:16.958,Misty Morning,0,3,0,0,0,0,4,0,3,2,0,0,"3.0 cl gin, 4.0 cl orange juice, 3.0 cl tonic water, 2.0 cl herbal lemonade",
16.12.2023,20:31:32.299,Island Breeze,0,0,4,0,5,0,3,0,0,0,0,2,"4.0 cl rum, 5.0 cl ananas juice, 3.0 cl orange juice, 2.0 cl soda",
16.12.2023,20:37:37.468,Crimson Sky,3,0,0,0,0,4,3,2,0,0,0,0,"3.0 cl vodka, 4.0 cl cherry juice, 3.0 cl orange juice, 2.0 cl bitter lemon",
16.12.2023,20:40:32.064,random cocktail,0,0,0,0,0,4,0,4,0,0,"0,5",2,"4.0 cl cherry juice, 4.0 cl bitter lemon, 0.50 cl bitter orange sirup, 2.0 cl soda",
16.12.2023,20:52:45.002,Golden Sunset,0,0,"3,5",0,3,0,4,0,0,0,0,2,"3.5 cl rum, 3.0 cl ananas juice, 4.0 cl orange juice, 2.0 cl soda",
16.12.2023,20:58:57.104,Caribbean Crush,0,0,4,0,5,0,3,0,0,0,0,0,"4.0 cl rum, 5.0 cl ananas juice, 3.0 cl orange juice",
16.12.2023,21:00:46.717,Azure Paradise,0,0,0,3,4,0,3,0,2,0,0,0,"3.0 cl blue curacao, 4.0 cl ananas juice, 3.0 cl orange juice, 2.0 cl tonic water",
16.12.2023,21:05:41.456,Lemon Lime Surprise,"3,5",0,0,0,0,0,0,4,0,3,0,0,"3.5 cl vodka, 4.0 cl bitter lemon, 3.0 cl herbal lemonade",
16.12.2023,21:09:09.979,Purple Haze,0,0,0,"3,5",0,5,0,0,0,0,0,"2,5","3.5 cl blue curacao, 5.0 cl cherry juice, 2.5 cl soda",
16.12.2023,21:13:08.144,Sunset Surprise,0,0,3,0,4,0,3,2,0,0,0,0,"3.0 cl rum, 4.0 cl ananas juice, 3.0 cl orange juice, 2.0 cl bitter lemon",
16.12.2023,21:24:20.242,Caribbean Crush,0,0,4,0,5,0,3,0,0,0,0,0,"4.0 cl rum, 5.0 cl ananas juice, 3.0 cl orange juice",
16.12.2023,21:31:20.392,Summer Sunset,3,0,0,0,3,0,4,0,0,0,0,2,"3.0 cl vodka, 3.0 cl ananas juice, 4.0 cl orange juice, 2.0 cl soda",
16.12.2023,21:32:49.102,Mermaid's Melody,0,0,0,"3,5",5,0,3,0,0,0,0,2,"3.5 cl blue curacao, 5.0 cl ananas juice, 3.0 cl orange juice, 2.0 cl soda",
16.12.2023,21:37:19.557,Midnight Serenade,0,0,3,0,3,4,0,0,0,0,0,0,"3.0 cl rum, 3.0 cl ananas juice, 4.0 cl cherry juice",
16.12.2023,21:38:10.602,Starry Night,0,3,0,0,0,0,4,0,3,2,0,0,"3.0 cl gin, 4.0 cl orange juice, 3.0 cl tonic water, 2.0 cl herbal lemonade",
16.12.2023,21:39:24.620,Ocean Breeze,0,0,0,"3,5",4,0,3,0,0,0,0,2,"3.5 cl blue curacao, 4.0 cl ananas juice, 3.0 cl orange juice, 2.0 cl soda",
16.12.2023,21:43:34.706,Blue Lagoon,3,0,0,5,3,0,0,0,0,0,0,2,"3.0 cl vodka, 5.0 cl blue curacao, 3.0 cl ananas juice, 2.0 cl soda",
16.12.2023,21:46:29.200,Caribbean Dream,0,0,"3,5",0,4,0,3,0,0,0,0,2,"3.5 cl rum, 4.0 cl ananas juice, 3.0 cl orange juice, 2.0 cl soda",
16.12.2023,21:47:03.998,Tropical Dream,0,0,3,0,4,0,3,0,0,0,0,2,"3.0 cl rum, 4.0 cl ananas juice, 3.0 cl orange juice, 2.0 cl soda",
16.12.2023,21:52:28.844,Minty Blue,0,0,0,"3,5",4,0,0,0,0,3,0,0,"3.5 cl blue curacao, 4.0 cl ananas juice, 3.0 cl herbal lemonade",
16.12.2023,22:04:55.493,Caribbean Sunset,0,0,"3,5",0,4,3,0,0,0,0,0,0,"3.5 cl rum, 4.0 cl ananas juice, 3.0 cl cherry juice",
16.12.2023,22:06:27.795,Emerald Fizz,0,3,0,0,0,0,0,0,4,3,0,2,"3.0 cl gin, 4.0 cl tonic water, 3.0 cl herbal lemonade, 2.0 cl soda",
16.12.2023,22:18:46.979,Caribbean Sunset,0,0,4,0,5,0,3,0,0,0,0,2,"4.0 cl rum, 5.0 cl ananas juice, 3.0 cl orange juice, 2.0 cl soda",
16.12.2023,22:44:28.738,Purple Rain,0,0,0,"3,5",0,5,0,0,"2,5",0,0,0,"3.5 cl blue curacao, 5.0 cl cherry juice, 2.5 cl tonic water",
16.12.2023,22:45:52.908,Midnight Mist,"3,5",0,0,0,0,0,0,4,0,3,0,0,"3.5 cl vodka, 4.0 cl bitter lemon, 3.0 cl herbal lemonade",
16.12.2023,22:47:14.831,Tropical Twist,0,0,4,0,4,3,0,0,0,0,0,0,"4.0 cl rum, 4.0 cl ananas juice, 3.0 cl cherry juice",
16.12.2023,22:48:56.347,Sapphire Splash,0,0,0,3,4,0,0,3,0,0,0,0,"3.0 cl blue curacao, 4.0 cl ananas juice, 3.0 cl bitter lemon",
16.12.2023,22:50:31.541,Electric Lemonade,4,0,0,0,0,0,0,5,0,3,0,0,"4.0 cl vodka, 5.0 cl bitter lemon, 3.0 cl herbal lemonade",
16.12.2023,22:52:07.367,Island Martini,0,0,"3,5",0,4,0,3,0,0,0,0,2,"3.5 cl rum, 4.0 cl ananas juice, 3.0 cl orange juice, 2.0 cl soda",
16.12.2023,22:58:56.124,Golden Glow,0,0,"3,5",0,4,0,3,0,0,0,0,2,"3.5 cl rum, 4.0 cl ananas juice, 3.0 cl orange juice, 2.0 cl soda",
16.12.2023,22:59:58.225,Caribbean Dream,0,0,3,0,0,3,0,0,0,0,0,0,"3.0 cl rum, 3.0 cl cherry juice",
16.12.2023,23:14:59.916,Sunset Twist,0,"3,5",0,0,3,0,4,0,0,0,0,2,"3.5 cl gin, 3.0 cl ananas juice, 4.0 cl orange juice, 2.0 cl soda",
16.12.2023,23:22:29.008,Tropical Bliss,0,0,"3,5",0,3,0,4,0,0,0,0,2,"3.5 cl rum, 3.0 cl ananas juice, 4.0 cl orange juice, 2.0 cl soda",
16.12.2023,23:24:55.084,Coral Breeze,3,0,0,0,0,4,3,2,0,0,0,0,"3.0 cl vodka, 4.0 cl cherry juice, 3.0 cl orange juice, 2.0 cl bitter lemon",
16.12.2023,23:25:44.258,Ocean Spark,0,0,0,"3,5",4,0,3,0,0,0,0,2,"3.5 cl blue curacao, 4.0 cl ananas juice, 3.0 cl orange juice, 2.0 cl soda",
16.12.2023,23:32:06.171,Blushing Sunset,0,0,"3,5",0,0,3,0,0,0,0,0,0,"3.5 cl rum, 3.0 cl cherry juice",
16.12.2023,23:57:42.767,Sunset Dream,0,0,3,0,0,3,0,0,0,0,0,0,"3.0 cl rum, 3.0 cl cherry juice",
16.12.2023,24:24:10.858,Caribbean Sunset,0,0,"3,5",0,0,3,0,0,0,0,0,0,"3.5 cl rum, 3.0 cl cherry juice",
16.12.2023,24:26:21.964,Tropical Sparkle,0,0,"3,5",0,0,3,0,0,0,0,0,2,"3.5 cl rum, 3.0 cl cherry juice, 2.0 cl soda",
16.12.2023,24:34:30.120,Caribbean Breeze,0,0,"3,5",0,0,3,0,0,0,0,0,2,"3.5 cl rum, 3.0 cl cherry juice, 2.0 cl soda",
16.12.2023,24:35:29.451,Caribbean Sunset,0,0,"3,5",0,0,3,0,0,0,0,0,0,"3.5 cl rum, 3.0 cl cherry juice",
16.12.2023,24:36:49.470,Tropical Sunset,0,0,"3,5",0,0,3,0,0,0,0,0,2,"3.5 cl rum, 3.0 cl cherry juice, 2.0 cl soda",
17.12.2023,01:00:22.176,Electric Blue Lagoon,0,0,0,3,4,0,0,0,0,0,0,3,"3.0 cl blue curacao, 4.0 cl ananas juice, 3.0 cl soda",
17.12.2023,01:22:35.784,Caribbean Sunset,0,0,4,0,0,3,5,0,0,0,0,2,"4.0 cl rum, 3.0 cl cherry juice, 5.0 cl orange juice, 2.0 cl soda",
17.12.2023,01:23:11.302,Mystical Garden,0,"2,5",0,0,0,0,4,2,3,4,0,0,"2.5 cl gin, 4.0 cl orange juice, 2.0 cl bitter lemon, 3.0 cl tonic water, 4.0 cl herbal lemonade",
17.12.2023,01:44:23.847,Tropical Breeze,"3,5",0,0,0,4,0,"2,5",0,0,0,3,0,"3.5 cl vodka, 4.0 cl ananas juice, 2.5 cl orange juice, 3.0 cl bitter orange sirup",
17.12.2023,01:45:25.155,Ocean Soul,0,0,3,5,0,0,4,0,0,0,0,0,"3.0 cl rum, 5.0 cl blue curacao, 4.0 cl orange juice",
17.12.2023,16:11:13.145,Tropical Sunset,0,0,3,0,4,2,3,0,0,0,0,0,"3.0 cl rum, 4.0 cl ananas juice, 2.0 cl cherry juice, 3.0 cl orange juice",
17.12.2023,16:19:47.548,Ocean Breeze,0,0,0,3,0,0,5,0,4,0,0,0,"3.0 cl blue curacao, 5.0 cl orange juice, 4.0 cl tonic water",
17.12.2023,16:27:51.129,Lemon Bliss,"2,5",0,0,0,0,0,0,3,0,6,0,0,"2.5 cl vodka, 3.0 cl bitter lemon, 6.0 cl herbal lemonade",
17.12.2023,16:40:06.095,Purple Rain,0,4,0,0,0,5,0,0,0,0,0,3,"4.0 cl gin, 5.0 cl cherry juice, 3.0 cl soda",
17.12.2023,16:43:31.680,random cocktail,0,0,0,0,0,0,2,2,4,0,0,4,"2.0 cl orange juice, 2.0 cl bitter lemon, 4.0 cl tonic water, 4.0 cl soda",
17.12.2023,17:07:28.920,random cocktail,0,0,0,0,0,0,0,0,0,"6,666666666666667",0,"3,3333333333333335","6.7 cl herbal lemonade, 3.3 cl soda",
17.12.2023,17:20:08.714,Spicy Sunset,0,0,"3,5",0,4,0,3,0,0,0,2,0,"3.5 cl rum, 4.0 cl ananas juice, 3.0 cl orange juice, 2.0 cl bitter orange sirup",
17.12.2023,17:23:47.091,Midnight Sparkle,0,0,0,3,0,0,5,0,4,0,0,0,"3.0 cl blue curacao, 5.0 cl orange juice, 4.0 cl tonic water",
17.12.2023,17:30:16.145,random cocktail,0,0,0,0,0,2,0,0,2,4,"0,5",3,"2.0 cl cherry juice, 2.0 cl tonic water, 4.0 cl herbal lemonade, 0.50 cl bitter orange sirup, 3.0 cl soda",
17.12.2023,17:36:31.684,Sunset Sip,"2,5",0,0,0,4,2,3,0,0,0,0,4,"2.5 cl vodka, 4.0 cl ananas juice, 2.0 cl cherry juice, 3.0 cl orange juice, 4.0 cl soda",
17.12.2023,17:41:04.670,Electric Blue,0,0,0,4,0,0,0,3,5,0,0,0,"4.0 cl blue curacao, 3.0 cl bitter lemon, 5.0 cl tonic water",
17.12.2023,17:53:37.371,Midsummer Dream,0,0,3,0,4,0,3,0,0,0,2,0,"3.0 cl rum, 4.0 cl ananas juice, 3.0 cl orange juice, 2.0 cl bitter orange sirup",
17.12.2023,17:54:23.542,Citrus Delight,2,0,0,0,0,0,6,0,0,0,0,3,"2.0 cl vodka, 6.0 cl orange juice, 3.0 cl soda",
17.12.2023,18:00:29.863,random cocktail,0,0,0,0,0,0,0,0,0,0,"1,1111111111111112","8,888888889","1.1 cl bitter orange sirup, 8.9 cl soda",
17.12.2023,18:05:11.676,Minty Paradise,0,0,"3,5",0,0,0,4,0,3,2,0,0,"3.5 cl rum, 4.0 cl orange juice, 3.0 cl tonic water, 2.0 cl herbal lemonade",
17.12.2023,18:27:21.257,random cocktail,"2,3529411764705883",0,0,0,"4,705882352941177",0,0,0,0,0,"0,5882352941176471","2,3529411764705883","2.4 cl vodka, 4.7 cl ananas juice, 0.59 cl bitter orange sirup, 2.4 cl soda",
17.12.2023,18:28:33.786,Tropical Twilight,0,0,3,0,4,0,3,0,0,0,2,0,"3.0 cl rum, 4.0 cl ananas juice, 3.0 cl orange juice, 2.0 cl bitter orange sirup",
17.12.2023,18:44:06.875,Lemon Lime Fizz,0,"3,5",0,0,0,0,0,4,0,0,0,3,"3.5 cl gin, 4.0 cl bitter lemon, 3.0 cl soda",
17.12.2023,18:48:10.664,random cocktail,0,0,0,0,0,0,0,0,"4,2105263157894735","2,1052631578947367","0,5263157894736842","3,1578947368421053","4.2 cl tonic water, 2.1 cl herbal lemonade, 0.53 cl bitter orange sirup, 3.2 cl soda",
17.12.2023,19:02:30.801,Caribbean Breeze,0,0,3,0,4,2,3,0,0,0,0,0,"3.0 cl rum, 4.0 cl ananas juice, 2.0 cl cherry juice, 3.0 cl orange juice",
17.12.2023,19:05:34.260,Blue Lagoon,4,0,0,5,0,0,0,0,0,0,0,0,"4.0 cl vodka, 5.0 cl blue curacao",
17.12.2023,19:07:04.221,random cocktail,0,0,0,0,0,0,0,0,"5,333333333333333",0,"0,6666666666666666",4,"5.3 cl tonic water, 0.67 cl bitter orange sirup, 4.0 cl soda",
17.12.2023,19:30:24.285,Mindful Melon,0,0,"3,5",0,4,0,3,0,0,0,0,2,"3.5 cl rum, 4.0 cl ananas juice, 3.0 cl orange juice, 2.0 cl soda",
17.12.2023,20:07:41.579,Green Garden,0,"2,5",0,0,0,0,0,0,6,3,0,0,"2.5 cl gin, 6.0 cl tonic water, 3.0 cl herbal lemonade",
,,,,,,,,,,,,,,,,
,,,"1,36","0,99","2,35","1,76","2,88","2,19","3,36","1,60","1,68","1,56","0,31","2,28","22,29",liter